"Count","Tradelist Count","Name","Edition","Condition","Language","Foil","Tags","Last Modified","Collector Number","Alter","Proxy","Purchase Price"
"1","1","Abrupt Decay","gk1","Near Mint","English","","","2025-04-07 23:55:14.103000","57","False","False",""
"1","1","Acererak the Archlich","afr","Near Mint","English","","","2025-04-15 05:40:44.770000","87","False","False",""
"1","1","Aetherize","rvr","Near Mint","English","","","2025-04-20 20:14:36.047000","448","False","False",""
"1","1","Agate Instigator","blc","Near Mint","English","","","2025-04-21 11:47:18.543000","56","False","False",""
"1","1","Akiri, Line-Slinger","c16","Near Mint","English","foil","","2025-04-07 23:55:14.103000","26","False","False",""
"1","1","Anguished Unmaking","soi","Near Mint","English","foil","","2025-04-20 20:14:36.047000","242","False","False",""
"1","1","Anim Pakal, Thousandth Moon","lci","Near Mint","English","","","2025-04-07 23:55:14.103000","223","False","False",""
"1","1","Arahbo, the First Fang","fdn","Near Mint","English","foil","","2025-04-20 20:14:36.047000","442","False","False",""
"1","1","Archfiend of Depravity","frf","Near Mint","English","","","2025-04-15 05:40:44.770000","62","False","False",""
"1","1","Archpriest of Shadows","mom","Near Mint","English","","","2025-04-20 05:03:58.287000","89","False","False",""
"1","1","Argentum Armor","c17","Near Mint","English","","","2025-04-07 23:44:26.733000","202","False","False",""
"1","1","Artist's Talent","blb","Near Mint","English","","","2025-04-21 11:47:18.543000","124","False","False",""
"1","1","Arwen, Mortal Queen","ltr","Near Mint","English","","","2025-04-07 23:55:14.103000","193","False","False",""
"1","1","Arwen, Weaver of Hope","ltc","Near Mint","English","","","2025-04-20 20:14:36.047000","35","False","False",""
"1","1","Atarka, World Render","c17","Near Mint","English","","","2025-04-20 20:14:36.047000","161","False","False",""
"1","1","Atsushi, the Blazing Sky","tdc","Near Mint","English","","","2025-04-07 23:40:24.323000","204","False","False",""
"1","1","Aura Mutation","c16","Near Mint","English","","","2025-04-20 20:14:36.047000","180","False","False",""
"1","1","Authority of the Consuls","kld","Near Mint","English","","","2025-04-21 11:47:18.543000","5","False","False",""
"1","1","Avacyn, Angel of Hope","cmm","Near Mint","English","foil","","2025-04-20 20:14:36.047000","14","False","False",""
"1","1","Avaricious Dragon","ori","Near Mint","English","","","2025-04-21 11:47:18.543000","131","False","False",""
"1","1","Aven Interrupter","otj","Near Mint","English","","","2025-04-21 11:47:18.543000","4","False","False",""
"1","1","Avenger of the Fallen","tdm","Near Mint","English","foil","","2025-04-07 23:34:18.657000","337","False","False",""
"1","1","Ayara, First of Locthwain","eld","Near Mint","English","","","2025-04-15 05:40:44.770000","75","False","False",""
"1","1","Back in Town","otc","Near Mint","English","","","2025-04-15 02:01:33.417000","18","False","False",""
"1","1","Bala Ged Recovery // Bala Ged Sanctuary","znr","Near Mint","English","","","2025-04-20 20:14:36.047000","180","False","False",""
"1","1","Baleful Mastery","otc","Near Mint","English","","","2025-04-15 05:41:15.530000","126","False","False",""
"1","1","Baleful Strix","brc","Near Mint","English","","","2025-04-20 20:14:36.047000","120","False","False",""
"1","1","Baral, Chief of Compliance","aer","Near Mint","English","foil","","2025-04-20 20:14:36.047000","28","False","False",""
"1","1","Barbara Wright","who","Near Mint","English","foil","","2025-04-21 11:47:18.543000","926","False","False",""
"1","1","Baylen, the Haymaker","blb","Near Mint","English","foil","","2025-04-15 02:07:53.690000","205","False","False",""
"1","1","Baylen, the Haymaker","blb","Near Mint","English","","","2025-04-15 02:08:09.293000","205","False","False",""
"1","1","Beacon of Tomorrows","dds","Near Mint","English","","","2025-04-20 20:14:36.047000","2","False","False",""
"1","1","Bearscape","sld","Near Mint","English","foil","","2025-04-20 20:14:36.047000","1008","False","False",""
"1","1","Beast Whisperer","p30a","Near Mint","English","foil","","2025-04-20 20:14:36.047000","26","False","False",""
"1","1","Beast Whisperer","grn","Near Mint","English","","","2025-04-20 20:14:36.047000","123","False","False",""
"1","1","Beast Within","ltc","Near Mint","English","","","2025-04-20 20:14:36.047000","234","False","False",""
"1","1","Benefactor's Draught","c16","Near Mint","English","","","2025-04-20 20:14:36.047000","21","False","False",""
"1","1","Betor, Kin to All","tdm","Near Mint","English","foil","","2025-04-07 23:55:14.103000","172","False","False",""
"1","1","Black Market Connections","lcc","Near Mint","English","","","2025-04-15 05:40:44.770000","181","False","False",""
"1","1","Bladewing the Risen","c17","Near Mint","English","","","2025-04-15 01:53:30.880000","163","False","False",""
"1","1","Blasphemous Act","lcc","Near Mint","English","","","2025-04-21 11:47:18.543000","216","False","False",""
"1","1","Blasphemous Act","ltc","Near Mint","English","","","2025-04-20 20:14:36.047000","211","False","False",""
"1","1","Blasphemous Act","c18","Near Mint","English","","","2025-04-07 23:40:24.323000","120","False","False",""
"1","1","Blightwing Bandit","woc","Near Mint","English","","","2025-04-15 05:40:44.770000","49","False","False",""
"1","1","Blind Obedience","c16","Near Mint","English","","","2025-04-15 02:32:21.687000","59","False","False",""
"1","1","Blind Obedience","wot","Near Mint","English","","","2025-04-21 11:47:18.543000","1","False","False",""
"1","1","Blinkmoth Urn","c18","Near Mint","English","","","2025-04-07 23:44:26.733000","197","False","False",""
"1","1","Bloodchief Ascension","cmm","Near Mint","English","","","2025-04-15 05:40:44.770000","139","False","False",""
"1","1","Bloodthirster","40k","Near Mint","English","","","2025-04-21 11:48:00.647000","73","False","False",""
"1","1","Blossoming Tortoise","woe","Near Mint","English","","","2025-04-20 20:14:36.047000","163","False","False",""
"1","1","Bone Sabres","40k","Near Mint","English","","","2025-04-20 20:14:36.047000","88","False","False",""
"1","1","Boneyard Scourge","c17","Near Mint","English","","","2025-04-15 05:40:44.770000","15","False","False",""
"1","1","Bontu the Glorified","akh","Near Mint","English","","","2025-04-21 11:47:18.543000","82","False","False",""
"1","1","Borne Upon a Wind","ltr","Near Mint","English","","","2025-04-20 20:14:36.047000","44","False","False",""
"1","1","Brainstealer Dragon","otc","Near Mint","English","","","2025-04-15 05:40:44.770000","127","False","False",""
"1","1","Brainstorm","sta","Near Mint","English","etched","","2025-04-20 20:14:36.047000","13","False","False",""
"1","1","Brainstorm","40k","Near Mint","English","","","2025-04-20 20:14:36.047000","192","False","False",""
"1","1","Brainstorm","c21","Near Mint","English","","","2025-04-20 20:14:36.047000","115","False","False",""
"1","1","Brallin, Skyshark Rider","c20","Near Mint","English","","","2025-04-21 11:47:18.543000","4","False","False",""
"1","1","Branching Evolution","lcc","Near Mint","English","","","2025-04-20 20:14:36.047000","234","False","False",""
"1","1","Brass's Tunnel-Grinder // Tecutlan, the Searing Rift","lci","Near Mint","English","foil","","2025-04-21 11:47:18.543000","135","False","False",""
"1","1","Breathkeeper Seraph","voc","Near Mint","English","","","2025-04-21 11:47:18.543000","31","False","False",""
"1","1","Breena, the Demagogue","otc","Near Mint","English","","","2025-04-07 23:55:14.103000","217","False","False",""
"1","1","Breya, Etherium Shaper","c16","Near Mint","English","foil","","2025-04-21 11:47:18.543000","29","False","False",""
"1","1","Bridge from Below","spg","Near Mint","English","foil","","2025-04-15 05:40:44.770000","3","False","False",""
"1","1","Bristlebud Farmer","big","Near Mint","English","","","2025-04-20 20:14:36.047000","17","False","False",""
"1","1","Bronze Guardian","brc","Near Mint","English","","","2025-04-20 20:14:36.047000","70","False","False",""
"1","1","Burning Inquiry","m10","Near Mint","English","","","2025-04-20 20:14:36.047000","128","False","False",""
"1","1","Caldera Pyremaw","tdc","Near Mint","English","","","2025-04-07 23:40:24.323000","73","False","False",""
"1","1","Carpet of Flowers","who","Near Mint","English","","","2025-04-20 20:14:36.047000","229","False","False",""
"1","1","Caustic Bronco","otj","Near Mint","English","foil","","2025-04-15 05:40:44.770000","324","False","False",""
"1","1","Chain of Vapor","c16","Near Mint","English","","","2025-04-20 20:14:36.047000","84","False","False",""
"1","1","Champion of the Perished","mid","Near Mint","English","","","2025-04-15 05:40:44.770000","91","False","False",""
"2","2","Chandra, Hope's Beacon","mom","Near Mint","English","","","2025-04-20 20:14:36.047000","134","False","False",""
"1","1","Chandra's Ignition","lcc","Near Mint","English","","","2025-04-21 11:47:18.543000","220","False","False",""
"1","1","Chaos Warp","cmd","Near Mint","English","","","2025-04-21 11:47:18.543000","114","False","False",""
"1","1","Chaos Warp","40k","Near Mint","English","","","2025-04-21 11:47:18.543000","205","False","False",""
"2","2","Chasm Skulker","c16","Near Mint","English","","","2025-04-20 20:14:36.047000","85","False","False",""
"1","1","Chatterfang, Squirrel General","blc","Near Mint","English","","","2025-04-20 20:14:36.047000","82","False","False",""
"1","1","Chromatic Lantern","drc","Near Mint","English","","","2025-04-15 01:54:31.727000","53","False","False",""
"1","1","Clarion Conqueror","tdm","Near Mint","English","foil","","2025-04-07 23:45:51.480000","5","False","False",""
"1","1","Clarion Conqueror","tdm","Near Mint","English","","","2025-04-07 23:45:51.480000","377","False","False",""
"1","1","Clever Impersonator","ktk","Near Mint","English","","","2025-04-20 20:14:36.047000","34","False","False",""
"1","1","Clone Legion","ncc","Near Mint","English","","","2025-04-20 20:14:36.047000","215","False","False",""
"1","1","Clone Legion","c17","Near Mint","English","","","2025-04-15 01:50:02.157000","84","False","False",""
"1","1","Colossification","iko","Near Mint","English","","","2025-04-20 20:14:36.047000","148","False","False",""
"1","1","Comet Storm","c17","Near Mint","English","","","2025-04-20 20:14:36.047000","132","False","False",""
"1","1","Conjurer's Closet","drc","Near Mint","English","","","2025-04-07 23:44:26.733000","126","False","False",""
"1","1","Consign to Memory","mh3","Near Mint","English","","","2025-04-20 20:14:36.047000","54","False","False",""
"1","1","Contest of Claws","lcc","Near Mint","English","","","2025-04-20 20:14:36.047000","12","False","False",""
"1","1","Counterspell","cmm","Near Mint","English","","","2025-04-20 20:14:36.047000","81","False","False",""
"2","2","Counterspell","cmm","Near Mint","English","","","2025-04-20 20:14:36.047000","630","False","False",""
"1","1","Counterspell","mh2","Near Mint","English","","","2025-04-20 20:14:36.047000","267","False","False",""
"1","1","Counterspell","sta","Near Mint","English","","","2025-04-20 20:14:36.047000","15","False","False",""
"1","1","Court of Embereth","woc","Near Mint","English","","","2025-04-21 11:47:18.543000","24","False","False",""
"1","1","Creative Technique","c21","Near Mint","English","","","2025-04-21 11:47:18.543000","49","False","False",""
"1","1","Cresting Mosasaurus","rex","Near Mint","English","","","2025-04-07 23:32:07.767000","2","False","False",""
"1","1","Crux of Fate","c17","Near Mint","English","","","2025-04-15 05:40:44.770000","107","False","False",""
"1","1","Cryptic Command","lrw","Near Mint","English","","","2025-04-20 20:14:36.047000","56","False","False",""
"1","1","Curiosity Crafter","c21","Near Mint","English","","","2025-04-07 23:32:07.767000","24","False","False",""
"1","1","Curious Altisaur","lcc","Near Mint","English","","","2025-04-20 20:14:36.047000","90","False","False",""
"1","1","Danny Pink","who","Near Mint","English","","","2025-04-07 23:32:07.767000","39","False","False",""
"1","1","Darksteel Mutation","cmm","Near Mint","English","","","2025-04-15 02:13:24.963000","21","False","False",""
"1","1","Dawn of the Dead","tor","Near Mint","English","","","2025-04-15 05:40:44.770000","59","False","False",""
"2","2","Dawn's Truce","blb","Near Mint","English","","","2025-04-20 20:14:36.047000","9","False","False",""
"1","1","Day's Undoing","cmm","Near Mint","English","","","2025-04-20 20:14:36.047000","85","False","False",""
"1","1","Decadent Dragon // Expensive Taste","woe","Near Mint","English","","","2025-04-20 20:14:36.047000","287","False","False",""
"1","1","Decanter of Endless Water","clb","Near Mint","English","foil","","2025-04-20 20:14:36.047000","309","False","False",""
"1","1","Deekah, Fractal Theorist","c21","Near Mint","English","","","2025-04-07 23:32:07.767000","26","False","False",""
"1","1","Delay","sld","Near Mint","English","foil","","2025-04-20 20:14:36.047000","1788","False","False",""
"1","1","Delina, Wild Mage","afr","Near Mint","English","","","2025-04-21 11:47:18.543000","138","False","False",""
"1","1","Demon of Dark Schemes","kld","Near Mint","English","","","2025-04-15 05:40:44.770000","73","False","False",""
"2","2","Diregraf Colossus","soi","Near Mint","English","","","2025-04-07 23:57:21.370000","107","False","False",""
"1","1","Dismantling Wave","c20","Near Mint","English","","","2025-04-21 11:47:18.543000","25","False","False",""
"1","1","Dispatch","pip","Near Mint","English","","","2025-04-20 20:14:36.047000","159","False","False",""
"1","1","Divine Visitation","rvr","Near Mint","English","","","2025-04-20 20:15:02.857000","416","False","False",""
"1","1","Doorkeeper Thrull","mkm","Near Mint","English","","","2025-04-21 11:47:18.543000","13","False","False",""
"1","1","Dour Port-Mage","blb","Near Mint","English","","","2025-04-20 20:15:02.857000","47","False","False",""
"1","1","Dragonfire Blade","tdm","Near Mint","English","","","2025-04-21 11:47:18.543000","240","False","False",""
"1","1","Dragonlord Atarka","tdc","Near Mint","English","","","2025-04-07 23:55:14.103000","285","False","False",""
"1","1","Dreadhorde Arcanist","war","Near Mint","English","","","2025-04-21 11:47:18.543000","125","False","False",""
"1","1","Drown in the Loch","eld","Near Mint","English","","","2025-04-20 20:15:02.857000","188","False","False",""
"1","1","Druid of Purification","drc","Near Mint","English","","","2025-04-20 20:15:02.857000","49","False","False",""
"1","1","Druid of Purification","sld","Near Mint","English","foil","","2025-04-20 20:15:02.857000","877","False","False",""
"1","1","Eerie Interlude","soi","Near Mint","English","","","2025-04-21 11:47:18.543000","16","False","False",""
"1","1","Elspeth, Storm Slayer","tdm","Near Mint","English","","","2025-04-07 23:57:21.370000","11","False","False",""
"1","1","Elvish Champion","9ed","Near Mint","English","","","2025-04-07 23:50:45.123000","238","False","False",""
"1","1","Emerald Medallion","cmm","Near Mint","English","","","2025-04-20 20:15:02.857000","379","False","False",""
"1","1","Emry, Lurker of the Loch","mul","Near Mint","English","","","2025-04-07 23:32:07.767000","9","False","False",""
"1","1","Enter the Infinite","gtc","Near Mint","English","","","2025-04-20 20:15:02.857000","34","False","False",""
"1","1","Entity Tracker","dsk","Near Mint","English","","","2025-04-15 02:04:08.897000","53","False","False",""
"1","1","Eshki, Temur's Roar","tdc","Near Mint","English","","","2025-04-07 23:55:14.103000","3","False","False",""
"1","1","Etherium Sculptor","brc","Near Mint","English","","","2025-04-15 02:14:26.093000","82","False","False",""
"1","1","Etherium Sculptor","c18","Near Mint","English","","","2025-04-20 20:15:02.857000","90","False","False",""
"1","1","Everybody Lives!","who","Near Mint","English","","","2025-04-21 11:47:18.543000","18","False","False",""
"1","1","Everything Comes to Dust","who","Near Mint","English","","","2025-04-21 11:47:18.543000","19","False","False",""
"1","1","Extraplanar Lens","cmm","Near Mint","English","","","2025-04-15 01:52:57.990000","656","False","False",""
"1","1","Ezio Auditore da Firenze","acr","Near Mint","English","","","2025-04-20 20:15:02.857000","25","False","False",""
"1","1","Ezuri's Predation","c21","Near Mint","English","","","2025-04-20 20:15:02.857000","188","False","False",""
"1","1","Fallaji Wayfarer","dmc","Near Mint","English","","","2025-04-07 23:55:14.103000","11","False","False",""
"1","1","Farewell","who","Near Mint","English","foil","","2025-04-21 11:47:18.543000","207","False","False",""
"1","1","Farewell","who","Near Mint","English","","","2025-04-21 11:47:18.543000","207","False","False",""
"1","1","Fauna Shaman","bro","Near Mint","English","","","2025-04-20 20:15:02.857000","346","False","False",""
"2","2","Felidar Sovereign","bfz","Near Mint","English","","","2025-04-21 11:47:18.543000","26","False","False",""
"1","1","Felothar the Steadfast","tdc","Near Mint","English","","","2025-04-07 23:55:14.103000","4","False","False",""
"1","1","Fires of Invention","eld","Near Mint","English","","","2025-04-21 11:47:18.543000","361","False","False",""
"1","1","Flaming Tyrannosaurus","who","Near Mint","English","","","2025-04-21 11:47:18.543000","85","False","False",""
"1","1","Flaming Tyrannosaurus","who","Near Mint","English","foil","","2025-04-21 11:48:00.647000","976","False","False",""
"1","1","Flatline","who","Near Mint","English","","","2025-04-07 23:32:07.767000","358","False","False",""
"1","1","Flesh Duplicate","who","Near Mint","English","","","2025-04-20 20:15:02.857000","44","False","False",""
"1","1","Flumph","afr","Near Mint","English","foil","","2025-04-21 11:47:18.543000","15","False","False",""
"1","1","Fomori Vault","big","Near Mint","English","foil","","2025-04-21 11:48:00.647000","29","False","False",""
"1","1","Force of Will","2xm","Near Mint","English","","","2025-04-20 20:15:02.857000","51","False","False",""
"2","2","Forensic Gadgeteer","mkm","Near Mint","English","","","2025-04-20 20:15:02.857000","57","False","False",""
"1","1","Fractal Harness","c21","Near Mint","English","","","2025-04-20 20:15:02.857000","61","False","False",""
"1","1","Frostcliff Siege","tdm","Near Mint","English","","","2025-04-07 23:55:14.103000","385","False","False",""
"1","1","Frostcliff Siege","tdm","Near Mint","English","foil","","2025-04-21 11:47:18.543000","187","False","False",""
"1","1","Fyndhorn Elves","cmr","Near Mint","English","","","2025-04-20 20:15:02.857000","228","False","False",""
"1","1","Galadhrim Ambush","ltc","Near Mint","English","","","2025-04-07 23:50:45.123000","38","False","False",""
"1","1","Gamble","dmr","Near Mint","English","","","2025-04-07 23:40:24.323000","121","False","False",""
"1","1","Garruk, Cursed Huntsman","eld","Near Mint","English","","","2025-04-07 23:55:14.103000","191","False","False",""
"1","1","Garruk, Primal Hunter","c21","Near Mint","English","","","2025-04-20 20:15:02.857000","190","False","False",""
"1","1","General Kudro of Drannith","iko","Near Mint","English","","","2025-04-07 23:55:14.103000","187","False","False",""
"1","1","Get Lost","lci","Near Mint","English","foil","","2025-04-21 11:47:18.543000","14","False","False",""
"1","1","Ghostly Pilferer","otc","Near Mint","English","","","2025-04-21 11:47:18.543000","98","False","False",""
"1","1","Ghostway","rvr","Near Mint","English","","","2025-04-21 11:47:18.543000","308","False","False",""
"1","1","Ghyrson Starn, Kelermorph","40k","Near Mint","English","","","2025-04-07 23:57:21.370000","124","False","False",""
"1","1","Gisa, the Hellraiser","otj","Near Mint","English","","","2025-04-07 23:34:18.657000","288","False","False",""
"2","2","Gitaxian Probe","nph","Near Mint","English","","","2025-04-20 20:15:02.857000","35","False","False",""
"1","1","Glasspool Mimic // Glasspool Shore","znr","Near Mint","English","","","2025-04-20 20:15:02.857000","60","False","False",""
"1","1","Glimmer Lens","onc","Near Mint","English","","","2025-04-21 11:47:18.543000","44","False","False",""
"1","1","Glorious End","akh","Near Mint","English","","","2025-04-20 20:15:02.857000","133","False","False",""
"1","1","Goblin Bombardment","mh2","Near Mint","English","","","2025-04-07 23:40:24.323000","279","False","False",""
"1","1","Goblin Bombardment","ddn","Near Mint","English","","","2025-04-15 02:24:55.887000","24","False","False",""
"1","1","Goldspan Dragon","khm","Near Mint","English","","","2025-04-15 01:54:07.140000","139","False","False",""
"1","1","Gonti's Aether Heart","aer","Near Mint","English","","","2025-04-07 23:44:26.733000","152","False","False",""
"1","1","Goring Ceratops","xln","Near Mint","English","","","2025-04-21 11:47:18.543000","13","False","False",""
"1","1","Grasp of Fate","who","Near Mint","English","foil","","2025-04-21 11:47:18.543000","1057","False","False",""
"1","1","Grave Pact","cmm","Near Mint","English","","","2025-04-15 05:40:44.770000","165","False","False",""
"1","1","Grave Pact","cmm","Near Mint","English","etched","","2025-04-20 20:15:02.857000","513","False","False",""
"1","1","Grazilaxx, Illithid Scholar","afr","Near Mint","English","","","2025-04-20 20:15:02.857000","60","False","False",""
"1","1","Great Unclean One","40k","Near Mint","English","","","2025-04-15 05:40:44.770000","35","False","False",""
"1","1","Growing Rites of Itlimoc // Itlimoc, Cradle of the Sun","lci","Near Mint","English","","","2025-04-20 20:15:02.857000","188","False","False",""
"1","1","Guardian Augmenter","c21","Near Mint","English","","","2025-04-20 20:15:02.857000","62","False","False",""
"1","1","Guardian Project","pip","Near Mint","English","","","2025-04-20 20:15:02.857000","199","False","False",""
"1","1","Gush","dd2","Near Mint","English","","","2025-04-20 20:15:02.857000","27","False","False",""
"1","1","Hamletback Goliath","m13","Near Mint","English","foil","","2025-04-21 11:47:18.543000","136","False","False",""
"1","1","Hammer of Nazahn","c17","Near Mint","English","","","2025-04-07 23:57:21.370000","51","False","False",""
"1","1","Hammer of Nazahn","cmm","Near Mint","English","","","2025-04-07 23:57:21.370000","388","False","False",""
"1","1","Hanweir Garrison","emn","Near Mint","English","","","2025-04-21 11:47:18.543000","130a","False","False",""
"1","1","Hardened Scales","lcc","Near Mint","English","","","2025-04-20 20:15:02.857000","243","False","False",""
"1","1","Hardened Scales","40k","Near Mint","English","","","2025-04-20 20:15:02.857000","215","False","False",""
"1","1","Heartless Conscription","otc","Near Mint","English","","","2025-04-15 05:40:44.770000","21","False","False",""
"1","1","Heliod, Sun-Crowned","cmm","Near Mint","English","","","2025-04-21 11:48:00.647000","29","False","False",""
"1","1","Heliod's Intervention","otc","Near Mint","English","","","2025-04-15 01:50:51.480000","81","False","False",""
"1","1","Henrika Domnathi // Henrika, Infernal Seer","vow","Near Mint","English","","","2025-04-15 05:40:44.770000","335","False","False",""
"1","1","Herald of Secret Streams","lcc","Near Mint","English","","","2025-04-21 11:47:18.543000","158","False","False",""
"1","1","High Fae Trickster","fdn","Near Mint","English","","","2025-04-20 20:15:02.857000","40","False","False",""
"1","1","Hired Claw","blb","Near Mint","English","foil","","2025-04-20 20:15:02.857000","317","False","False",""
"1","1","Hollowhenge Overlord","voc","Near Mint","English","","","2025-04-20 20:15:02.857000","36","False","False",""
"1","1","Horn of Gondor","ltr","Near Mint","English","","","2025-04-20 20:15:02.857000","240","False","False",""
"1","1","Hornet Nest","c21","Near Mint","English","","","2025-04-20 20:15:02.857000","192","False","False",""
"1","1","Hostile Investigator","big","Near Mint","English","foil","","2025-04-15 05:40:44.770000","10","False","False",""
"1","1","Hullbreaker Horror","clb","Near Mint","English","","","2025-04-20 20:15:02.857000","724","False","False",""
"1","1","Hurkyl's Recall","mm2","Near Mint","English","","","2025-04-07 23:32:07.767000","48","False","False",""
"1","1","Hylda of the Icy Crown","woe","Near Mint","English","","","2025-04-15 02:15:39.483000","206","False","False",""
"1","1","Ideas Unbound","sok","Near Mint","English","","","2025-04-20 20:15:02.857000","40","False","False",""
"1","1","Ilharg, the Raze-Boar","war","Near Mint","English","","","2025-04-21 11:47:18.543000","133","False","False",""
"1","1","Ill-Tempered Loner // Howlpack Avenger","vow","Near Mint","English","foil","","2025-04-21 11:47:18.543000","162","False","False",""
"1","1","Impact Tremors","dtk","Near Mint","English","","","2025-04-15 02:23:04.020000","140","False","False",""
"1","1","Impact Tremors","wot","Near Mint","English","","","2025-04-07 23:40:24.323000","44","False","False",""
"1","1","Imposing Grandeur","voc","Near Mint","English","","","2025-04-21 11:47:18.543000","24","False","False",""
"1","1","Incubation Druid","c21","Near Mint","English","","","2025-04-20 20:15:02.857000","195","False","False",""
"1","1","Indomitable Creativity","aer","Near Mint","English","","","2025-04-15 01:52:00.450000","85","False","False",""
"1","1","Inti, Seneschal of the Sun","lci","Near Mint","English","","","2025-04-21 11:47:18.543000","156","False","False",""
"1","1","Inti, Seneschal of the Sun","lci","Near Mint","English","","","2025-04-21 11:47:18.543000","295","False","False",""
"1","1","Into the Flood Maw","blb","Near Mint","English","","","2025-04-20 20:15:02.857000","52","False","False",""
"1","1","Iridescent Vinelasher","blb","Near Mint","English","","","2025-04-21 11:47:18.543000","99","False","False",""
"1","1","Jace, Wielder of Mysteries","war","Near Mint","English","","","2025-04-20 20:15:02.857000","54","False","False",""
"1","1","Jace's Archivist","m12","Near Mint","English","","","2025-04-20 20:15:02.857000","59","False","False",""
"1","1","Jace's Sanctum","c19","Near Mint","English","","","2025-04-07 23:32:07.767000","88","False","False",""
"1","1","Jarad, Golgari Lich Lord","gk1","Near Mint","English","","","2025-04-07 23:55:14.103000","65","False","False",""
"1","1","Jeskai Ascendancy","ktk","Near Mint","English","","","2025-04-21 11:47:35.987000","180","False","False",""
"1","1","Jodah, Archmage Eternal","2x2","Near Mint","English","foil","","2025-04-20 20:15:02.857000","233","False","False",""
"1","1","K-9, Mark I","who","Near Mint","English","foil","","2025-04-07 23:32:07.767000","537","False","False",""
"1","1","K-9, Mark I","who","Near Mint","English","foil","","2025-04-07 23:32:07.767000","953","False","False",""
"1","1","Kaito, Bane of Nightmares","dsk","Near Mint","English","","","2025-04-07 23:57:21.370000","220","False","False",""
"1","1","Kambal, Consul of Allocation","kld","Near Mint","English","","","2025-04-07 23:55:14.103000","183","False","False",""
"1","1","Kari Zev's Expertise","aer","Near Mint","English","foil","","2025-04-20 20:15:02.857000","88","False","False",""
"1","1","Karmic Justice","wot","Near Mint","English","foil","","2025-04-21 11:47:35.987000","7","False","False",""
"1","1","Kataki, War's Wage","sok","Near Mint","English","","","2025-04-21 11:47:35.987000","14","False","False",""
"1","1","Keeper of Keys","cn2","Near Mint","English","","","2025-04-20 20:15:02.857000","34","False","False",""
"1","1","Ketramose, the New Dawn","dft","Near Mint","English","","","2025-04-07 23:57:21.370000","209","False","False",""
"1","1","Ketramose, the New Dawn","dft","Near Mint","English","","","2025-04-07 23:57:21.370000","350","False","False",""
"1","1","Khârn the Betrayer","40k","Near Mint","English","","","2025-04-20 20:15:02.857000","79","False","False",""
"1","1","Khârn the Betrayer","40k","Near Mint","English","","","2025-04-21 11:47:35.987000","79","False","False",""
"1","1","Kindred Summons","c17","Near Mint","English","","","2025-04-15 01:54:51.533000","32","False","False",""
"1","1","Kitsa, Otterball Elite","blb","Near Mint","English","","","2025-04-20 20:15:02.857000","304","False","False",""
"1","1","Knight of New Alara","parb","Near Mint","English","foil","","2025-04-20 20:15:02.857000","70★","False","False",""
"1","1","Korvold, Gleeful Glutton","woc","Near Mint","English","foil","","2025-04-21 11:47:35.987000","38","False","False",""
"1","1","Krark, the Thumbless","cmr","Near Mint","English","","","2025-04-20 20:15:02.857000","189","False","False",""
"1","1","Krenko, Mob Boss","ddt","Near Mint","English","","","2025-04-07 23:40:24.323000","52","False","False",""
"1","1","Kynaios and Tiro of Meletis","c16","Near Mint","English","foil","","2025-04-20 20:15:02.857000","36","False","False",""
"1","1","Kynaios and Tiro of Meletis","c16","Near Mint","English","foil","","2025-04-07 23:57:21.370000","36","False","False",""
"1","1","Laboratory Maniac","isd","Near Mint","English","","","2025-04-20 20:15:02.857000","61","False","False",""
"1","1","Land Tax","cmm","Near Mint","English","","","2025-04-20 20:15:02.857000","37","False","False",""
"2","2","Lazotep Sliver","cmm","Near Mint","English","","","2025-04-15 05:40:44.770000","764","False","False",""
"1","1","Ledger Shredder","snc","Near Mint","English","","","2025-04-20 20:15:29.523000","46","False","False",""
"1","1","Leyline Binding","dmu","Near Mint","English","","","2025-04-21 11:47:35.987000","24","False","False",""
"1","1","Leyline Binding","otp","Near Mint","English","","","2025-04-21 11:47:35.987000","4","False","False",""
"1","1","Leyline of Anticipation","wot","Near Mint","English","","","2025-04-20 20:15:29.523000","23","False","False",""
"1","1","Leyline of Anticipation","pm20","Near Mint","English","","","2025-04-20 20:15:29.523000","64p","False","False",""
"1","1","Leyline of Sanctity","wot","Near Mint","English","foil","","2025-04-21 11:47:35.987000","10","False","False",""
"1","1","Lich-Knights' Conquest","woe","Near Mint","English","foil","","2025-04-15 05:40:44.770000","96","False","False",""
"1","1","Life from the Loam","rvr","Near Mint","English","foil","","2025-04-20 20:15:29.523000","350","False","False",""
"1","1","Life from the Loam","rvr","Near Mint","English","","","2025-04-20 20:15:29.523000","434","False","False",""
"1","1","Lightning Bolt","gn3","Near Mint","English","","","2025-04-07 23:40:24.323000","83","False","False",""
"1","1","Lightning Bolt","a25","Near Mint","English","","","2025-04-07 23:40:24.323000","141","False","False",""
"1","1","Lightning Greaves","ltc","Near Mint","English","","","2025-04-20 20:15:29.523000","281","False","False",""
"1","1","Loran of the Third Path","bro","Near Mint","English","","","2025-04-21 11:47:35.987000","12","False","False",""
"1","1","Lord of the Void","rvr","Near Mint","English","","","2025-04-15 05:40:44.770000","424","False","False",""
"1","1","Lord Skitter, Sewer King","woe","Near Mint","English","foil","","2025-04-15 05:40:44.770000","339","False","False",""
"1","1","Losheel, Clockwork Scholar","brc","Near Mint","English","","","2025-04-21 11:47:35.987000","73","False","False",""
"1","1","Lotho, Corrupt Shirriff","ltr","Near Mint","English","","","2025-04-15 02:35:26.407000","370","False","False",""
"1","1","Ludevic, Necro-Alchemist","c16","Near Mint","English","foil","","2025-04-07 23:55:14.103000","37","False","False",""
"1","1","Maelstrom Nexus","dmc","Near Mint","English","","","2025-04-20 20:15:29.523000","159","False","False",""
"1","1","Magma Opus","stx","Near Mint","English","","","2025-04-21 11:47:35.987000","203","False","False",""
"1","1","Make an Example","ncc","Near Mint","English","","","2025-04-15 05:40:44.770000","37","False","False",""
"1","1","Malcolm, Alluring Scoundrel","lci","Near Mint","English","","","2025-04-07 23:32:07.767000","63","False","False",""
"1","1","Malcolm, Alluring Scoundrel","lci","Near Mint","English","","","2025-04-20 20:15:29.523000","293","False","False",""
"1","1","Malleable Impostor","woc","Near Mint","English","","","2025-04-21 11:47:35.987000","10","False","False",""
"1","1","Mana Short","4ed","Near Mint","English","","","2025-04-20 20:15:29.523000","85","False","False",""
"1","1","Managorger Hydra","c16","Near Mint","English","","","2025-04-20 20:15:29.523000","157","False","False",""
"1","1","Mandate of Abaddon","40k","Near Mint","English","","","2025-04-15 05:40:44.770000","40","False","False",""
"1","1","Manifold Mouse","blb","Near Mint","English","","","2025-04-21 11:47:35.987000","143","False","False",""
"1","1","Marionette Master","brc","Near Mint","English","","","2025-04-15 05:40:44.770000","109","False","False",""
"1","1","Martha Jones","who","Near Mint","English","foil","","2025-04-07 23:32:07.767000","954","False","False",""
"1","1","Marwyn, the Nurturer","dom","Near Mint","English","","","2025-04-07 23:50:45.123000","172","False","False",""
"1","1","Massacre Girl, Known Killer","mkm","Near Mint","English","","","2025-04-15 05:40:44.770000","94","False","False",""
"1","1","Master of Dark Rites","lcc","Near Mint","English","","","2025-04-15 05:40:44.770000","51","False","False",""
"1","1","Mawloc","40k","Near Mint","English","","","2025-04-20 20:15:29.523000","133","False","False",""
"1","1","Meren of Clan Nel Toth","c15","Near Mint","English","","","2025-04-20 20:15:29.523000","49","False","False",""
"1","1","Metalwork Colossus","kld","Near Mint","English","","","2025-04-21 11:47:35.987000","222","False","False",""
"1","1","Midnight Clock","eld","Near Mint","English","foil","","2025-04-20 20:15:29.523000","54","False","False",""
"1","1","Mindbreak Trap","otp","Near Mint","English","","","2025-04-20 20:15:29.523000","12","False","False",""
"1","1","Mindslicer","ody","Near Mint","English","foil","","2025-04-07 23:57:21.370000","149","False","False",""
"1","1","Minion of the Mighty","afr","Near Mint","English","","","2025-04-21 11:47:35.987000","156","False","False",""
"1","1","Minsc & Boo, Timeless Heroes","sld","Near Mint","English","foil","","2025-04-07 23:57:21.370000","879","False","False",""
"1","1","Mirrormade","eld","Near Mint","English","","","2025-04-20 20:15:29.523000","55","False","False",""
"1","1","Misdirection","ddt","Near Mint","English","","","2025-04-20 20:15:29.523000","15","False","False",""
"1","1","Mizzium Mortars","gk1","Near Mint","English","","","2025-04-21 11:47:35.987000","32","False","False",""
"1","1","Monument to Endurance","dft","Near Mint","English","foil","","2025-04-15 02:04:19.630000","237","False","False",""
"1","1","Mosswood Dreadknight // Dread Whispers","woe","Near Mint","English","foil","","2025-04-15 02:36:00.880000","231","False","False",""
"1","1","Muddle the Mixture","rvr","Near Mint","English","","","2025-04-20 20:15:29.523000","315","False","False",""
"1","1","Muraganda Raceway","dft","Near Mint","English","","","2025-04-07 23:44:26.733000","257","False","False",""
"1","1","Mutilate","m13","Near Mint","English","","","2025-04-15 05:41:15.530000","102","False","False",""
"1","1","Nanogene Conversion","who","Near Mint","English","foil","","2025-04-20 20:15:29.523000","364","False","False",""
"1","1","Nanogene Conversion","who","Near Mint","English","","","2025-04-07 23:32:07.767000","49","False","False",""
"1","1","Nature's Rhythm","tdm","Near Mint","English","","","2025-04-07 23:50:45.123000","150","False","False",""
"1","1","Necropotence","wot","Near Mint","English","","","2025-04-07 23:57:21.370000","31","False","False",""
"1","1","Nethergoyf","mh3","Near Mint","English","","","2025-04-07 23:57:21.370000","103","False","False",""
"1","1","Nexos","40k","Near Mint","English","","","2025-04-20 20:15:29.523000","95","False","False",""
"1","1","Night of Souls' Betrayal","ima","Near Mint","English","","","2025-04-15 05:40:44.770000","99","False","False",""
"1","1","Nihil Spellbomb","c17","Near Mint","English","","","2025-04-07 23:44:26.733000","218","False","False",""
"1","1","Nyxbloom Ancient","thb","Near Mint","English","","","2025-04-20 20:15:29.523000","190","False","False",""
"1","1","Ob Nixilis, Unshackled","m15","Near Mint","English","","","2025-04-15 05:40:44.770000","110","False","False",""
"1","1","Oblivion Sower","ddp","Near Mint","English","foil","","2025-04-20 20:15:29.523000","41","False","False",""
"1","1","Ohran Frostfang","otc","Near Mint","English","","","2025-04-20 20:15:29.523000","199","False","False",""
"1","1","Ohran Viper","ddm","Near Mint","English","","","2025-04-20 20:15:29.523000","57","False","False",""
"1","1","Ojer Axonil, Deepest Might // Temple of Power","lci","Near Mint","English","","","2025-04-07 23:44:26.733000","158","False","False",""
"1","1","Ojer Pakpatiq, Deepest Epoch // Temple of Cyclical Time","lci","Near Mint","English","","","2025-04-07 23:32:07.767000","67","False","False",""
"1","1","Old One Eye","40k","Near Mint","English","","","2025-04-20 20:15:29.523000","96","False","False",""
"1","1","Olivia, Opulent Outlaw","otc","Near Mint","English","foil","","2025-04-15 01:58:37.797000","2","False","False",""
"1","1","Omnath, Locus of Creation","znr","Near Mint","English","","","2025-04-20 20:15:29.523000","232","False","False",""
"1","1","Omnath, Locus of Mana","cc1","Near Mint","English","","","2025-04-20 20:15:29.523000","2","False","False",""
"1","1","Open the Way","mat","Near Mint","English","","","2025-04-20 20:15:29.523000","23","False","False",""
"1","1","Oran-Rief Hydra","pbfz","Near Mint","English","foil","","2025-04-20 20:15:29.523000","181","False","False",""
"1","1","Orim's Chant","pls","Near Mint","English","","","2025-04-21 11:48:00.647000","11","False","False",""
"1","1","Orochi Soul-Reaver","otc","Near Mint","English","","","2025-04-15 05:40:44.770000","58","False","False",""
"1","1","Outcaster Trailblazer","otj","Near Mint","English","","","2025-04-20 20:15:29.523000","343","False","False",""
"1","1","Pack Rat","rvr","Near Mint","English","","","2025-04-15 05:40:44.770000","426","False","False",""
"1","1","Pact of Negation","tsr","Near Mint","English","","","2025-04-07 23:57:21.370000","77","False","False",""
"1","1","Palace Siege","c17","Near Mint","English","","","2025-04-15 05:41:15.530000","119","False","False",""
"1","1","Peri Brown","who","Near Mint","English","foil","","2025-04-21 11:47:35.987000","935","False","False",""
"1","1","Phantasmal Image","m12","Near Mint","English","","","2025-04-20 20:15:29.523000","72","False","False",""
"1","1","Phyrexian Arena","one","Near Mint","English","foil","","2025-04-15 05:41:15.530000","283","False","False",""
"1","1","Phyrexian Vindicator","one","Near Mint","English","","","2025-04-21 11:47:35.987000","27","False","False",""
"1","1","Piper of the Swarm","eld","Near Mint","English","","","2025-04-15 05:41:15.530000","100","False","False",""
"1","1","Plague Drone","40k","Near Mint","English","","","2025-04-15 05:40:44.770000","47","False","False",""
"1","1","Polluted Bonds","wot","Near Mint","English","","","2025-04-15 05:40:44.770000","34","False","False",""
"1","1","Ponder","m12","Near Mint","English","","","2025-04-20 20:15:29.523000","73","False","False",""
"1","1","Ponder","c21","Near Mint","English","","","2025-04-20 20:15:29.523000","125","False","False",""
"1","1","Ponder","who","Near Mint","English","","","2025-04-20 20:15:29.523000","217","False","False",""
"1","1","Power Fist","pip","Near Mint","English","","","2025-04-20 20:15:29.523000","81","False","False",""
"1","1","Poxwalkers","40k","Near Mint","English","","","2025-04-21 12:55:24.183000","49","False","False",""
"1","1","Praetor's Counsel","c14","Near Mint","English","","","2025-04-20 20:15:29.523000","209","False","False",""
"1","1","Preordain","c15","Near Mint","English","","","2025-04-20 20:15:29.523000","101","False","False",""
"1","1","Preordain","brc","Near Mint","English","","","2025-04-20 20:15:29.523000","92","False","False",""
"1","1","Preposterous Proportions","fdn","Near Mint","English","foil","","2025-04-07 23:50:45.123000","109","False","False",""
"1","1","Priest of Forgotten Gods","rvr","Near Mint","English","foil","","2025-04-15 05:40:44.770000","90","False","False",""
"1","1","Primal Vigor","wot","Near Mint","English","","","2025-04-20 20:15:29.523000","59","False","False",""
"1","1","Primeval Protector","c16","Near Mint","English","","","2025-04-20 20:15:29.523000","23","False","False",""
"1","1","Proft's Eidetic Memory","mkm","Near Mint","English","","","2025-04-20 20:15:29.523000","67","False","False",""
"1","1","Progenitus","fdn","Near Mint","English","","","2025-04-07 23:55:14.103000","244","False","False",""
"1","1","Propaganda","who","Near Mint","English","","","2025-04-20 20:15:29.523000","219","False","False",""
"1","1","Prophet of Kruphix","ths","Near Mint","English","","","2025-04-20 20:15:29.523000","199","False","False",""
"1","1","Psychic Vortex","wth","Near Mint","English","","","2025-04-20 20:15:29.523000","50","False","False",""
"1","1","Quantum Misalignment","who","Near Mint","English","","","2025-04-20 20:15:29.523000","52","False","False",""
"1","1","Questing Beast","eld","Near Mint","English","","","2025-04-20 20:15:29.523000","171","False","False",""
"1","1","Radiant Lotus","dft","Near Mint","English","","","2025-04-07 23:57:21.370000","240","False","False",""
"1","1","Radstorm","pip","Near Mint","English","","","2025-04-20 20:15:29.523000","37","False","False",""
"1","1","Raise the Palisade","ltc","Near Mint","English","","","2025-04-20 20:15:29.523000","23","False","False",""
"1","1","Raise the Past","fdn","Near Mint","English","foil","","2025-04-20 20:15:29.523000","22","False","False",""
"1","1","Rampaging Yao Guai","pip","Near Mint","English","","","2025-04-20 20:15:29.523000","82","False","False",""
"1","1","Rapid Hybridization","lcc","Near Mint","English","","","2025-04-20 20:15:29.523000","166","False","False",""
"1","1","Realmwalker","lcc","Near Mint","English","","","2025-04-15 02:39:25.917000","250","False","False",""
"1","1","Reflections of Littjara","lcc","Near Mint","English","","","2025-04-15 01:56:02.820000","168","False","False",""
"1","1","Regal Caracal","akh","Near Mint","English","","","2025-04-21 11:47:35.987000","24","False","False",""
"1","1","Reins of Power","c16","Near Mint","English","","","2025-04-20 20:15:22.733000","96","False","False",""
"1","1","Reins of Power","c15","Near Mint","English","","","2025-04-20 20:15:22.733000","103","False","False",""
"1","1","Resplendent Angel","lci","Near Mint","English","","","2025-04-21 11:47:35.987000","32","False","False",""
"1","1","Rest in Peace","big","Near Mint","English","foil","","2025-04-21 11:47:35.987000","34","False","False",""
"1","1","Retrofitter Foundry","drc","Near Mint","English","","","2025-04-20 20:15:22.733000","136","False","False",""
"1","1","Return of the Wildspeaker","lcc","Near Mint","English","","","2025-04-20 20:15:22.733000","252","False","False",""
"1","1","Return to the Ranks","m15","Near Mint","English","","","2025-04-20 05:03:58.287000","29","False","False",""
"1","1","Reverberate","40k","Near Mint","English","","","2025-04-20 20:15:22.733000","207","False","False",""
"1","1","Ripples of Undeath","mh3","Near Mint","English","","","2025-04-15 05:40:44.770000","107","False","False",""
"1","1","Riptide Gearhulk","dft","Near Mint","English","foil","","2025-04-07 23:57:21.370000","353","False","False",""
"1","1","Roiling Vortex","znr","Near Mint","English","","","2025-04-07 23:40:24.323000","156","False","False",""
"1","1","Rune-Scarred Demon","ima","Near Mint","English","","","2025-04-15 05:40:44.770000","106","False","False",""
"1","1","Rush of Dread","otj","Near Mint","English","","","2025-04-15 05:40:44.770000","327","False","False",""
"1","1","Ruxa, Patient Professor","c21","Near Mint","English","","","2025-04-20 20:15:22.733000","66","False","False",""
"1","1","Ryusei, the Falling Star","c17","Near Mint","English","","","2025-04-21 11:47:35.987000","141","False","False",""
"1","1","Saheeli's Directive","c18","Near Mint","English","","","2025-04-20 20:15:22.733000","26","False","False",""
"1","1","Sakashima of a Thousand Faces","cmr","Near Mint","English","","","2025-04-20 20:15:22.733000","89","False","False",""
"1","1","Sangromancer","c16","Near Mint","English","","","2025-04-15 05:41:15.530000","116","False","False",""
"1","1","Sanguine Bond","tsr","Near Mint","English","","","2025-04-20 20:15:22.733000","330","False","False",""
"1","1","Sarah Jane Smith","who","Near Mint","English","foil","","2025-04-21 11:47:35.987000","938","False","False",""
"1","1","Sauron, the Dark Lord","ltr","Near Mint","English","","","2025-04-15 02:37:31.590000","224","False","False",""
"1","1","Savvy Trader","otc","Near Mint","English","","","2025-04-20 20:15:22.733000","33","False","False",""
"1","1","Scalelord Reckoner","c17","Near Mint","English","","","2025-04-21 11:48:00.647000","6","False","False",""
"1","1","Scholar of New Horizons","brc","Near Mint","English","","","2025-04-21 11:47:35.987000","6","False","False",""
"1","1","Sea Gate Restoration // Sea Gate, Reborn","znr","Near Mint","English","foil","","2025-04-20 20:15:22.733000","76","False","False",""
"1","1","Seize the Spotlight","ncc","Near Mint","English","","","2025-04-20 20:15:22.733000","52","False","False",""
"1","1","Selfless Spirit","emn","Near Mint","English","","","2025-04-21 11:47:35.987000","40","False","False",""
"1","1","Selvala's Stampede","tdc","Near Mint","English","","","2025-04-07 23:50:45.123000","269","False","False",""
"1","1","Sephara, Sky's Blade","cmm","Near Mint","English","","","2025-04-21 11:47:35.987000","54","False","False",""
"1","1","Shadow of the Second Sun","mh3","Near Mint","English","","","2025-04-21 11:47:35.987000","70","False","False",""
"1","1","Shamanic Revelation","c21","Near Mint","English","","","2025-04-20 20:15:22.733000","206","False","False",""
"1","1","Shiko, Paragon of the Way","tdm","Near Mint","English","foil","","2025-04-07 23:57:21.370000","370","False","False",""
"1","1","Shiko, Paragon of the Way","tdm","Near Mint","English","foil","","2025-04-07 23:55:14.103000","223","False","False",""
"1","1","Sidar Kondo of Jamuraa","c16","Near Mint","English","foil","","2025-04-07 23:55:14.103000","42","False","False",""
"1","1","Sign in Blood","sta","Near Mint","English","","","2025-04-15 05:40:44.770000","32","False","False",""
"1","1","Simulacrum Synthesizer","big","Near Mint","English","","","2025-04-20 20:15:22.733000","6","False","False",""
"1","1","Sinister Concierge","ncc","Near Mint","English","","","2025-04-20 20:15:22.733000","30","False","False",""
"1","1","Six","mh3","Near Mint","English","","","2025-04-07 23:57:21.370000","370","False","False",""
"1","1","Six","mh3","Near Mint","English","","","2025-04-20 20:15:22.733000","169","False","False",""
"1","1","Smile at Death","tdm","Near Mint","English","foil","","2025-04-07 23:57:21.370000","24","False","False",""
"1","1","Smuggler's Surprise","otj","Near Mint","English","","","2025-04-20 20:15:22.733000","180","False","False",""
"1","1","Sol Ring","c16","Near Mint","English","","","2025-04-15 02:17:33.653000","272","False","False",""
"1","1","Sol Ring","ltc","Near Mint","English","","","2025-04-20 20:15:22.733000","284","False","False",""
"1","1","Sol Ring","lcc","Near Mint","English","","","2025-04-15 01:55:33.813000","313","False","False",""
"1","1","Sorcerer Class","afr","Near Mint","English","","","2025-04-21 11:47:35.987000","233","False","False",""
"1","1","Soul of the Harvest","w16","Near Mint","English","","","2025-04-20 20:15:22.733000","16","False","False",""
"1","1","Spellseeker","cmm","Near Mint","English","","","2025-04-20 20:15:22.733000","120","False","False",""
"1","1","Sphinx's Tutelage","ori","Near Mint","English","","","2025-04-20 20:15:22.733000","76","False","False",""
"1","1","Spitting Dilophosaurus","rex","Near Mint","English","","","2025-04-15 05:40:44.770000","3","False","False",""
"1","1","Sporocyst","40k","Near Mint","English","","","2025-04-20 20:15:22.733000","98","False","False",""
"1","1","Star of Extinction","cmm","Near Mint","English","foil","","2025-04-21 11:47:35.987000","259","False","False",""
"1","1","Star of Extinction","cmm","Near Mint","English","","","2025-04-21 11:47:35.987000","259","False","False",""
"1","1","Stifle","sld","Near Mint","English","foil","","2025-04-20 20:15:22.733000","1787","False","False",""
"1","1","Stitch in Time","gk1","Near Mint","English","","","2025-04-07 23:55:14.103000","43","False","False",""
"1","1","Stonehoof Chieftain","c16","Near Mint","English","","","2025-04-20 20:15:22.733000","25","False","False",""
"1","1","Stormscale Scion","tdm","Near Mint","English","","","2025-04-07 23:40:24.323000","303","False","False",""
"1","1","Strike It Rich","mh2","Near Mint","English","foil","","2025-04-15 02:32:46.513000","143","False","False",""
"1","1","Struggle for Project Purity","pip","Near Mint","English","","","2025-04-20 20:15:22.733000","39","False","False",""
"1","1","Sun Quan, Lord of Wu","cmm","Near Mint","English","","","2025-04-20 20:15:22.733000","123","False","False",""
"1","1","Sunfall","mom","Near Mint","English","","","2025-04-21 11:47:35.987000","40","False","False",""
"1","1","Sunfrill Imitator","lcc","Near Mint","English","","","2025-04-20 20:15:22.733000","62","False","False",""
"1","1","Sunspine Lynx","blb","Near Mint","English","","","2025-04-21 11:47:35.987000","292","False","False",""
"1","1","Surge to Victory","c21","Near Mint","English","","","2025-04-07 23:40:24.323000","58","False","False",""
"1","1","Surgical Extraction","otp","Near Mint","English","","","2025-04-15 05:40:44.770000","19","False","False",""
"1","1","Surly Badgersaur","c20","Near Mint","English","","","2025-04-21 11:47:35.987000","57","False","False",""
"2","2","Swan Song","c16","Near Mint","English","","","2025-04-20 20:15:22.733000","98","False","False",""
"1","1","Swords to Plowshares","ltc","Near Mint","English","","","2025-04-20 20:15:22.733000","178","False","False",""
"1","1","Sydri, Galvanic Genius","c16","Near Mint","English","","","2025-04-07 23:55:14.103000","224","False","False",""
"1","1","Tale's End","m20","Near Mint","English","","","2025-04-20 20:15:22.733000","77","False","False",""
"1","1","Talrand, Sky Summoner","dds","Near Mint","English","","","2025-04-21 11:47:35.987000","11","False","False",""
"1","1","Tamiyo, Inquisitive Student // Tamiyo, Seasoned Scholar","mh3","Near Mint","English","","","2025-04-07 23:57:21.370000","242","False","False",""
"1","1","Tarrian's Soulcleaver","lci","Near Mint","English","foil","","2025-04-07 23:44:26.733000","389","False","False",""
"1","1","Taurean Mauler","c16","Near Mint","English","","","2025-04-21 11:47:35.987000","135","False","False",""
"1","1","Teferi, Temporal Pilgrim","bro","Near Mint","English","foil","","2025-04-20 20:15:22.733000","66","False","False",""
"1","1","Teferi, Who Slows the Sunset","mid","Near Mint","English","","","2025-04-15 01:49:17.553000","245","False","False",""
"1","1","Teleportation Circle","afr","Near Mint","English","","","2025-04-21 11:48:00.647000","39","False","False",""
"1","1","Tempered Steel","brc","Near Mint","English","","","2025-04-20 20:15:22.733000","76","False","False",""
"4","4","Tempest Hawk","tdm","Near Mint","English","","","2025-04-21 11:47:35.987000","31","False","False",""
"1","1","Temple of Epiphany","ddu","Near Mint","English","","","2025-04-21 11:47:35.987000","72","False","False",""
"1","1","Temporal Manipulation","uma","Near Mint","English","","","2025-04-20 20:15:22.733000","77","False","False",""
"1","1","Temporal Trespass","frf","Near Mint","English","","","2025-04-20 20:15:22.733000","55","False","False",""
"1","1","Tempt with Discovery","c16","Near Mint","English","","","2025-04-20 20:15:22.733000","170","False","False",""
"1","1","Tervigon","40k","Near Mint","English","","","2025-04-20 20:15:22.733000","100","False","False",""
"1","1","Teval, Arbiter of Virtue","tdm","Near Mint","English","","","2025-04-07 23:55:14.103000","230","False","False",""
"1","1","Teval's Judgment","tdc","Near Mint","English","","","2025-04-07 23:34:18.657000","68","False","False",""
"1","1","Teysa, Orzhov Scion","rvr","Near Mint","English","","","2025-04-20 20:15:22.733000","441","False","False",""
"1","1","The Ancient One","lci","Near Mint","English","","","2025-04-07 23:55:14.103000","222","False","False",""
"1","1","The Battle of Bywater","ltr","Near Mint","English","","","2025-04-21 11:47:35.987000","2","False","False",""
"1","1","The Battle of Bywater","ltr","Near Mint","English","","","2025-04-21 11:47:35.987000","2","False","False",""
"1","1","The Brothers' War","brc","Near Mint","English","","","2025-04-21 11:47:35.987000","22","False","False",""
"1","1","The Magic Mirror","eld","Near Mint","English","","","2025-04-20 20:15:22.733000","51","False","False",""
"1","1","Thieving Amalgam","c19","Near Mint","English","","","2025-04-07 23:34:18.657000","21","False","False",""
"1","1","Thing in the Ice // Awoken Horror","soi","Near Mint","English","","","2025-04-20 20:15:22.733000","92","False","False",""
"1","1","This Town Ain't Big Enough","otj","Near Mint","English","","","2025-04-07 23:32:07.767000","74","False","False",""
"1","1","Thopter Spy Network","c18","Near Mint","English","","","2025-04-07 23:32:07.767000","107","False","False",""
"1","1","Thought Monitor","mh2","Near Mint","English","","","2025-04-07 23:32:07.767000","71","False","False",""
"1","1","Thought Monitor","brc","Near Mint","English","","","2025-04-07 23:32:07.767000","98","False","False",""
"1","1","Thought Vessel","brc","Near Mint","English","","","2025-04-07 23:44:26.733000","167","False","False",""
"1","1","Thought Vessel","who","Near Mint","English","","","2025-04-15 01:55:47.413000","255","False","False",""
"1","1","Thought Vessel","pip","Near Mint","English","","","2025-04-20 20:15:22.733000","251","False","False",""
"1","1","Thousand Moons Smithy // Barracks of the Thousand","lci","Near Mint","English","","","2025-04-21 11:47:35.987000","39","False","False",""
"1","1","Thran Dynamo","brc","Near Mint","English","","","2025-04-20 20:15:22.733000","168","False","False",""
"1","1","Three Steps Ahead","otj","Near Mint","English","","","2025-04-20 20:15:22.733000","75","False","False",""
"1","1","Tidespout Tyrant","rvr","Near Mint","English","foil","","2025-04-07 23:32:07.767000","422","False","False",""
"1","1","Time Warp","sta","Near Mint","English","","","2025-04-20 20:15:22.733000","22","False","False",""
"1","1","Torbran, Thane of Red Fell","eld","Near Mint","English","","","2025-04-21 11:47:35.987000","147","False","False",""
"1","1","Toxic Deluge","cmm","Near Mint","English","","","2025-04-15 05:40:44.770000","191","False","False",""
"1","1","Training Grounds","mat","Near Mint","English","","","2025-04-20 20:15:22.733000","9","False","False",""
"1","1","Triumphant Reckoning","sld","Near Mint","English","foil","","2025-04-21 11:47:35.987000","1005","False","False",""
"1","1","Tymna the Weaver","c16","Near Mint","English","foil","","2025-04-07 23:57:21.370000","48","False","False",""
"2","2","Uncle Istvan","drk","Near Mint","English","","","2025-04-15 05:40:44.770000","54","False","False",""
"1","1","Undergrowth Recon","mkm","Near Mint","English","","","2025-04-20 20:15:22.733000","181","False","False",""
"1","1","Unwinding Clock","brr","Near Mint","English","foil","","2025-04-20 20:15:22.733000","124","False","False",""
"1","1","Unwinding Clock","c18","Near Mint","English","","","2025-04-07 23:44:26.733000","228","False","False",""
"1","1","Urza, Chief Artificer","brc","Near Mint","English","foil","","2025-04-20 20:15:22.733000","2","False","False",""
"1","1","Urza's Workshop","brc","Near Mint","English","","","2025-04-07 23:57:21.370000","28","False","False",""
"1","1","Valley Floodcaller","blb","Near Mint","English","foil","","2025-04-21 11:47:28.130000","79","False","False",""
"1","1","Valley Floodcaller","blb","Near Mint","English","","","2025-04-20 20:15:22.733000","79","False","False",""
"1","1","Vandalblast","rtr","Near Mint","English","","","2025-04-15 02:25:18.910000","111","False","False",""
"1","1","Vashta Nerada","who","Near Mint","English","","","2025-04-15 05:40:44.770000","376","False","False",""
"1","1","Vesuvan Duplimancy","dmu","Near Mint","English","","","2025-04-20 20:15:22.733000","73","False","False",""
"1","1","Vineglimmer Snarl","who","Near Mint","English","foil","","2025-04-21 11:47:28.130000","1123","False","False",""
"1","1","Virtue of Persistence // Locthwain Scorn","woe","Near Mint","English","","","2025-04-15 05:40:44.770000","281","False","False",""
"1","1","Virtus the Veiled","bbd","Near Mint","English","","","2025-04-20 20:15:22.733000","7","False","False",""
"1","1","Vislor Turlough","who","Near Mint","English","foil","","2025-04-15 05:41:15.530000","74","False","False",""
"1","1","Vodalian Hexcatcher","dmu","Near Mint","English","","","2025-04-07 23:32:07.767000","75","False","False",""
"1","1","Voice of Victory","tdm","Near Mint","English","","","2025-04-07 23:45:51.480000","33","False","False",""
"1","1","Voracious Bibliophile","tdc","Near Mint","English","","","2025-04-07 23:32:07.767000","63","False","False",""
"1","1","Walk-In Closet // Forgotten Cellar","dsk","Near Mint","English","","","2025-04-21 11:47:28.130000","205","False","False",""
"2","2","Wand of Wonder","clb","Near Mint","English","foil","","2025-04-21 11:47:28.130000","935","False","False",""
"1","1","War of the Last Alliance","ltr","Near Mint","English","","","2025-04-21 11:47:28.130000","36","False","False",""
"1","1","Warden of the Grove","tdm","Near Mint","English","","","2025-04-07 23:50:45.123000","351","False","False",""
"1","1","Waste Not","c16","Near Mint","English","","","2025-04-15 05:40:44.770000","117","False","False",""
"1","1","Wave of Reckoning","c16","Near Mint","English","","","2025-04-21 11:47:28.130000","79","False","False",""
"1","1","Wedding Ring","who","Near Mint","English","foil","","2025-04-20 20:15:12.867000","468","False","False",""
"1","1","Welcoming Vampire","vow","Near Mint","English","","","2025-04-21 11:47:28.130000","46","False","False",""
"1","1","Whip of Erebos","ths","Near Mint","English","","","2025-04-15 05:40:44.770000","110","False","False",""
"1","1","Whir of Invention","aer","Near Mint","English","","","2025-04-20 20:15:12.867000","49","False","False",""
"1","1","White Sun's Twilight","one","Near Mint","English","","","2025-04-20 20:15:12.867000","38","False","False",""
"1","1","White Sun's Twilight","one","Near Mint","English","","","2025-04-21 11:47:28.130000","38","False","False",""
"1","1","Wilderness Reclamation","rvr","Near Mint","English","","","2025-04-20 20:15:12.867000","458","False","False",""
"1","1","Wilfred Mott","who","Near Mint","English","foil","","2025-04-21 11:47:28.130000","941","False","False",""
"1","1","Will of the Jeskai","tdc","Near Mint","English","","","2025-04-07 23:40:24.323000","80","False","False",""
"1","1","Will of the Mardu","tdc","Near Mint","English","","","2025-04-07 23:45:51.480000","57","False","False",""
"1","1","Will of the Sultai","tdc","Near Mint","English","","","2025-04-07 23:50:45.123000","89","False","False",""
"1","1","Will of the Temur","tdc","Near Mint","English","","","2025-04-07 23:32:07.767000","24","False","False",""
"1","1","Windcrag Siege","tdm","Near Mint","English","","","2025-04-07 23:55:14.103000","392","False","False",""
"1","1","Windcrag Siege","tdm","Near Mint","English","","","2025-04-07 23:55:14.103000","235","False","False",""
"1","1","Windcrag Siege","tdm","Near Mint","English","foil","","2025-04-07 23:55:14.103000","392","False","False",""
"2","2","Windfall","c20","Near Mint","English","","","2025-04-20 20:15:12.867000","128","False","False",""
"1","1","Winternight Stories","tdm","Near Mint","English","foil","","2025-04-07 23:32:07.767000","336","False","False",""
"1","1","Wound Reflection","who","Near Mint","English","","","2025-04-15 05:40:44.770000","223","False","False",""
"1","1","Wrath of God","cmm","Near Mint","English","","","2025-04-21 11:47:28.130000","70","False","False",""
"1","1","Xenagos, God of Revels","lcc","Near Mint","English","","","2025-04-15 02:07:36.807000","295","False","False",""
